sample_id,split,mask_version,prompt_version,prompt_hash,text_hash,scored_text_hash,scored_text,late_llm_source,late_llm_attempts,late_sentence_structural_integrity,late_phrase_continuity,late_repetition_control,late_repair_efficiency,late_filler_control,late_referential_clarity,late_grammatical_stability,late_local_coherence
TEST_0001,external,U0_unmasked_normalized_asr,P4_unmasked_form_integrity,a85cbe64e7db4ddecc6116d0e868bdc575e652ebdda5fca7d7e71bd930ae1efb,0ce2919b2ba9ba5b44240ee09ec69bdb21f9ab052ce310d28f38846e6d4dbff1,0ce2919b2ba9ba5b44240ee09ec69bdb21f9ab052ce310d28f38846e6d4dbff1,WHAT GOING ON IN THE PICTUREAN YOU TELL ME THE ACTION GOING ON IN THE PICSIR FINET IIAS TOANLET'S GOING ON IN THE PICTURE TELL ME ALL OF THE ACTION ABOUT THE PICTURE LET'S GOING ON IN THAT PICTURE WOWD THE COW TETLITTLE ROYWHAT OUSE IS GOING ONBANAIT DOESN'T OPEN HAP TO HAVE TO LEAVE IT CLOSED WHAT ELSE GO WHAT ELSE IS GOING ON ANPICTURE CAN YOU SEE WHAT TELL ME WHERE ELSE IS GOING ON IN THAT PICTURE PAN YEANYTHING ELSE THE LITTLE VOICELITTLE BOYS WAS SITTING THERE HOW CAN ANYTHING ELSE ONSPO SIN GINNES WE MER I GETOH HERE A GOO,api,1,3.0,3.0,5.0,5.0,7.0,3.0,3.0,3.0
TEST_0002,external,U0_unmasked_normalized_asr,P4_unmasked_form_integrity,a85cbe64e7db4ddecc6116d0e868bdc575e652ebdda5fca7d7e71bd930ae1efb,9e2affa391add34854ea1e9a5bf7a43a0f53af75935e86d33ad9c057ee544734,9e2affa391add34854ea1e9a5bf7a43a0f53af75935e86d33ad9c057ee544734,O YHERE WAMONHAPPENING IN THE PICTURE RUDEUHSHTHAT'S HAPPENING OVER HEREPLAINTAN I SHAYE COOKIE YOAR NO TA'LL GIVE ITWHAT'S THAT MAN TO THISWHICH DO WHAT'S ITING THERE THER RAN MY COOKIE YOUREAND WHAT'S THIS WOL MY DOING THE WENAD TEE CLEANING A AITAND WHAT'S HATENING HERE BUBURHAMEESAT EVERYTHINGHE PROUGT HIM PLAYNIGTOINITDOES EVERYTHING NOW WHO CAN DO ONEIS THAT IS THAT EVERYTHING YOU SEE OH GOOD AND,api,1,3.0,3.0,5.0,3.0,5.0,3.0,1.0,1.0
TEST_0003,external,U0_unmasked_normalized_asr,P4_unmasked_form_integrity,a85cbe64e7db4ddecc6116d0e868bdc575e652ebdda5fca7d7e71bd930ae1efb,902e60975fd1b193a1263a3ce9c16af1e4de52204c4b28efaec5de4ab3d57deb,902e60975fd1b193a1263a3ce9c16af1e4de52204c4b28efaec5de4ab3d57deb,HANG I SEE THAT THE SANK IS RUNNING OVERAND THE LIGHTES SENANAW WASHING A PLATE AND I SEE THE LOAH UPON THE LATTER THUPON THE I'S NOT A LATTER ITS E STOOLAN HE'S FALLIN ALL REACHIR FOR COOKIN A COOKI JARAN DE LITTLE GIRL IS TANDIN BY HIM HOLDIN HER HAND UPRICH AND FATHER COOKIEHUT,api,1,5.0,5.0,7.0,7.0,9.0,5.0,3.0,5.0
TEST_0004,external,U0_unmasked_normalized_asr,P4_unmasked_form_integrity,a85cbe64e7db4ddecc6116d0e868bdc575e652ebdda5fca7d7e71bd930ae1efb,6aa12f7a58a32ec2af58e6532a1d7e11553893b3e093e0e04baedc9506a91d89,6aa12f7a58a32ec2af58e6532a1d7e11553893b3e093e0e04baedc9506a91d89,I'M GOING TO SHOW YOU A PICTURE AND I WANT YOU TO LOOK AT THE PICTURE I WANT YOU TO TLL ME EVERYTHING THAT YOU SEE HAPPENING IN THE PICTURE JUST TELL ME EVERRYTHING THAT YOU SEE GOING ON NOW THERE'S THE PICTURE LOOK DOWN HERE ASNOT THE SPIRE OF THE OLD KITCHEN SAT ONCH AN RISONS AABU WHAT CANA LADY AMIRE ETENTION IN HER KITCHER KITCHENSINOR SES AND YOUNENO WOMAN EER HEARING THER IYO YOU NO ONE O K A THERE IT ISA U EVTUHEARD THEN AGAN A DAY STARTING TO PLAY AFTER CHRISTMAS YES YOU RETELLING ME ABOUT ABSOLUVETR IAPOCINT MEAMASO JUST TELL MEYOU SEE ANYTHING ELSE HAPPENING IN THIS PICTURE HERE WHAT ELSE DO YOU SEE HAPPENINGBHAT'S GOING ON WHEY OU LOOKSLATEAD SAY THIS IS ESHAED EXANTR BEAON WOE ON GORDY ATORLY BONE A MOTHER OETEMY WIFE O BEATN GILE O NON TO THIS WHAT'S HAPPENING OVER HEREINSTITUTEN THAT'S THAS LIK THIEVE OR SHE WOULD SAY WAS SHE MACHINE ESAY I CARE WHY THAT'S THA SUN'S MI WI SCHOOL MAY VEAR SOMETHING E THAT'SMISTER THERE WHAT'S GOING ON HERE WELL IT'S JUST AS THOUGH THEYGETTING READY TO GO TO SCHOOL OR THEY'RE JUST COMING OUT FROM SCHOOLHANGWAT E ANYON AGAIN MY DARY SIRSAME IS BACK THERE EXCEPT HER DOWN HERE IN A BOTTOM I THINGS AHAS AOT SEVENICAN E,api,1,3.0,3.0,5.0,3.0,7.0,3.0,3.0,3.0
TEST_0005,external,U0_unmasked_normalized_asr,P4_unmasked_form_integrity,a85cbe64e7db4ddecc6116d0e868bdc575e652ebdda5fca7d7e71bd930ae1efb,960af2181ba7549a2229e9214b90c4aa6e1d99ea31057425f11d592d6c5dd224,960af2181ba7549a2229e9214b90c4aa6e1d99ea31057425f11d592d6c5dd224,WHAT DO I SEE IN THIS PICTURE THIS REMINDS ME PROBABLY OF WHEN I WAS VERY YOUNG O CMAM IS WASHING THE DISHES I DON'T KNOW WHY SHE'S NOT LOOKING ATE KID WO ARE GETTING INTO THE COOKI JAR AND THE YOUNG BOYS ABOUT OF COURSE TO CHOPPLE OVER CASETHE STOOLS CHIPPING BUT WHY THE WATER IS OVERFLOWING IN THE SINK I HAVE NO IDEASHE SEEMED SO SERENE AND YET SO OUT OF IT OKY NOTPAYING ATTENTION REALYTO WHAT'S GOING ON AND THAT'S WHAT I SEE IN THAT FICTUREOVERELOOKING A BACK YARRT OF COURSE WHICH IS NEAT YOU SHOULD ALWAYS HAVE THE WINDOW IN THE KITCHEN,api,1,7.0,7.0,9.0,7.0,9.0,7.0,5.0,7.0
TEST_0006,external,U0_unmasked_normalized_asr,P4_unmasked_form_integrity,a85cbe64e7db4ddecc6116d0e868bdc575e652ebdda5fca7d7e71bd930ae1efb,f038bf934be13b2bd8864a0d72ee576e4a7a60839de4364597fd9f5bf5b6e3fd,f038bf934be13b2bd8864a0d72ee576e4a7a60839de4364597fd9f5bf5b6e3fd,WELL THE KIDS ARE TRYING TO GET THE COOKIES AND THE BOY ISSANASSTOOL OF SOME KIND READY TO O FALL OFF AS HE HANDS HIS SISTER THECOKE AND THE MOTHER MUST BE DAY DREAMING HER IN A FOGOR SOMETHING ONLY BECAUSE LEA WATER IS RUNNING OVER THE SINK AS SHE'S DRYING THE DISH AH IT LOOKS LIKE GUH IT'S PROBABLY A NICE DA ITH MAYBE THE WINDOW MIGHT BE OPEN UMI DON'T LOOKS LIKE A NICE HOUSE LOOKS LIKE THEY HIVE AHSUFFICIENT INCOME OH NOT MEEGUAN,api,1,7.0,5.0,9.0,5.0,3.0,7.0,5.0,5.0
TEST_0007,external,U0_unmasked_normalized_asr,P4_unmasked_form_integrity,a85cbe64e7db4ddecc6116d0e868bdc575e652ebdda5fca7d7e71bd930ae1efb,a2054a1e147f9d36b44faf8ece1f93395880d80ad060eb420ee43c2a18811410,a2054a1e147f9d36b44faf8ece1f93395880d80ad060eb420ee43c2a18811410,O Q THIS IS AM A FAMILY SATTING IN A KITCHENAND THE MOTHER IS WASHING DISHES AND THE SINK IS OVERFLOWING WITHWATER AND FALLING ON TO THE FLOOR AND THERE'S TWO CHILDRENUM AFTER THE COOKIE JAR HIGH UP IN THE CABINET AND THE LITTLE BOY IS ON THEOOL WHICH IS FALLING OVER AND ON THAT'SBASICALLY WHAT I SEE THE WINDOW IS OPEN LOOKS LIKE A NICE DAYBUT THERE'S COUPLE DISASTERS GOING ON HERE ALL AT THE SAME TIE,api,1,7.0,5.0,9.0,7.0,7.0,7.0,5.0,7.0
TEST_0008,external,U0_unmasked_normalized_asr,P4_unmasked_form_integrity,a85cbe64e7db4ddecc6116d0e868bdc575e652ebdda5fca7d7e71bd930ae1efb,aaacd3a1ec8ce09b3b3cf31d19d80d0013d588da1e51abde52ff92f566e70109,aaacd3a1ec8ce09b3b3cf31d19d80d0013d588da1e51abde52ff92f566e70109,TELL ME WHAT YOU SAE GOING ON IN THIS PICTUREI DON'T SEE NOW MAS E LOURS WUT I SELECTEDFUL PANCIL VER SOMETING ONEERFUL VANLLEND YOU SEE WHAT'S GOING ON IN THAT VICTOROL PSE I SEE A GIRLS AN AN MATEAND THA AUI MY ASHI SISO WEL MARKS OT SORTIME L OTEE LIK THERESOMKAR O FOU OR ERRYSONA GIRL IS THEY EY HOGES A LONG AGOTHEWHATELSE YOU SEE GOING ON SHE WITSON RIGHT HERE IN THIS BUT HAPPENING THERE LIKE SOME OLD GOLS INWAY WI YOU ER WHAT ELSE AS GOING ONO ME WE WATIICAN YOU TELL I LET'S GOING O ON ISSIDE THE PICTURE DO I FEL REESTRALE TOK TEMFLANSE IN UO WHAT ARE YOU TALKING OFE A FO THISS THEY ALL O TE BOUT THE SAME THELIEF I TSANERE REPLIED O LE AHA DAN YOU SEE ANYTHINGI'M SLIDE AND BRING MY GLACIERSREGGER WE CAN TRY AND NOT THE TIMIN YOU HAVE THIS LASTIT IT DOWS HELP HAMA,api,1,3.0,3.0,7.0,5.0,5.0,3.0,3.0,3.0
TEST_0009,external,U0_unmasked_normalized_asr,P4_unmasked_form_integrity,a85cbe64e7db4ddecc6116d0e868bdc575e652ebdda5fca7d7e71bd930ae1efb,4a0372dae3a6f2d545c115c7b66d49930179e70076a282a82d88e13205ed5562,4a0372dae3a6f2d545c115c7b66d49930179e70076a282a82d88e13205ed5562,I SEE A LITTLE BOY ALMOST FALLING ANNA STEATRYING TO GET IN THE COOKY JAW WITH HIS SISTER BESIDE HIM LOOKING FOR HERSMOTHER'S WASHING THE DISHES AND SPILLING THE WATER AHATS E PAYER TA NICE WINDOW AFTER SHINK,api,1,5.0,5.0,9.0,7.0,7.0,5.0,5.0,5.0
TEST_0010,external,U0_unmasked_normalized_asr,P4_unmasked_form_integrity,a85cbe64e7db4ddecc6116d0e868bdc575e652ebdda5fca7d7e71bd930ae1efb,61ac176a08a4290fdd06ec206385b3646181d276648e1fb75096fe27e3a47651,61ac176a08a4290fdd06ec206385b3646181d276648e1fb75096fe27e3a47651,I WON'T YOU TELL ME ANYTHING THAT YOU SEE GOING ON IN THAT MIGGER WHAT YOUING NOW THIS THE COOKY JARTE MAD ME THE CURR HELBAN HIM EASI THEIR MOTHER WAS THERE SPILINAWHAT II ANTHIS WOULD INDEED BE GRAAND MANHER I GESSJENTMENCARRIIN DOWN ON EVER HERE WELLEXCLAINED TO FALL PREE RIT BETEMSHE WAS HELP HIM WUO HE HANDWETH TEERCLITLYTO TWO MIS SISTER AGNESROT YTHING OUSWENTA AT TARMOTHE WAS DRYING HIM DITIOUREGANTING WAARACANYTHING ELSETHERE HE MIGHT FALL SURNISH IN ITISLEIS SCAREL ISAID ET I NEWFEVER O CARE,api,1,1.0,1.0,9.0,1.0,9.0,1.0,1.0,1.0
TEST_0011,external,U0_unmasked_normalized_asr,P4_unmasked_form_integrity,a85cbe64e7db4ddecc6116d0e868bdc575e652ebdda5fca7d7e71bd930ae1efb,50c9771811e61e01fd53a7b817567f16b941bc2587237dd4c8ffd3c636ff1f2f,50c9771811e61e01fd53a7b817567f16b941bc2587237dd4c8ffd3c636ff1f2f,TELARNATTHINGIN THE MOTHER SHE'S WOION DISHES AND THE WATERS RUN ALL OW THE FLOOR AND THEBOY HE'S REACHING UP FOR COOKIES AND HE HIS LATTER SLIPPED FROM UNDERNEATH HIM AND I GUESS HEACH GON TO HAVE AN ACCIDENT ANTHE LITTLE GIRL SHE'S RAINING FOR THE COKIN BUT I WON'T THINK SHE'S GOING TO GETEN EUS THE BOYS FALLING DOWN,api,1,5.0,5.0,9.0,7.0,9.0,7.0,5.0,5.0
TEST_0012,external,U0_unmasked_normalized_asr,P4_unmasked_form_integrity,a85cbe64e7db4ddecc6116d0e868bdc575e652ebdda5fca7d7e71bd930ae1efb,8913708acace25c10c2600b9b29b3938ab71c7c66f250d2de1eace422cefee29,8913708acace25c10c2600b9b29b3938ab71c7c66f250d2de1eace422cefee29,HERE'S THE PICTUREWELE THE MOTHER'S WORSHIN THE DISHES AND AND THE WATERS RON THE LOUT OF THE SAKWOANYTHING ELSE CA INE ON PICER NEVER HE STANDING ON A STOOL ON IS HE'S GFAR WHO CANANYTHING ELSE THAT'S ALLI DID SAY SHE WENT TO COCK IHIMSTOLMES FALLEN OVER ITAI,api,1,5.0,3.0,7.0,3.0,5.0,3.0,3.0,3.0
TEST_0013,external,U0_unmasked_normalized_asr,P4_unmasked_form_integrity,a85cbe64e7db4ddecc6116d0e868bdc575e652ebdda5fca7d7e71bd930ae1efb,8c85b8e96fd2abf079cb6d0d9d061fa75b7e69a93f43ab2e948cb74437bcd152,8c85b8e96fd2abf079cb6d0d9d061fa75b7e69a93f43ab2e948cb74437bcd152,WHILE THE YOUNG BOY IS REACHING FOR A COOKIE JAR HE STOOD ON ISSTOOL HE LOST HIS BALANCE UM HE IS ABOUT TO FALL HIS SISTERSN IKOING TO GET THE COOKIE SHE WAS ANTICIPATING THE MALL THERE WAS THININKING ABOUT SOMETHING ELSE COULD SHE LET THE WATER OVERFLOW AHAND THEY'RE TWO DIRTY DISHES AND TWO CUPS,api,1,7.0,5.0,9.0,7.0,7.0,5.0,5.0,5.0
TEST_0014,external,U0_unmasked_normalized_asr,P4_unmasked_form_integrity,a85cbe64e7db4ddecc6116d0e868bdc575e652ebdda5fca7d7e71bd930ae1efb,225cbdacf6a1d4a5fd298974047bfdccfe5c917808e695a0f16ea8826ae2d4c7,225cbdacf6a1d4a5fd298974047bfdccfe5c917808e695a0f16ea8826ae2d4c7,BUT I LIKE YOU TO THINK WE CAN GO ROND AN FINE FOR YOULOT WO YOU ON HER MISTER TAKE A LOOK AT THIS PICTURE AND TELL ME EVERYTHING THAT YOU SEE HAWME EVERYTHING THAT YOU SEE GOING LON NEVERYTHING WORSE EVERYTHING THAT YOU SEE HOTENING IN THIS PICTURE O YOU O EVERYTHING THAT YOU SEE GOING ON JUST TELL ME EVERYTHING YOU SEE HAPPENING WHAT COULD HAPPEN WHAT IS HAPPENINGWHAT HAS HAPPENING TOLME MIG I STILL AND COKIS WITH HANSHE WAS HAPPYMOTHERIS WA KIDISHOUS WASHIN OFTE WATER WANHIN HE'S GOING TO FALL OFF THAT YERDON BREAK YOUR LAKE LOOK ATWHO CAN NHE'S DONE A WRONG THING TOGEGOT ER HAND OUT THERE HE'S TRYIN TO GIVE HER SUMER HE WEN FORA CHAIRS A LEVE YE COOCK AN TUT UP PIECES WHAT ELSE YOU AREI SAWIT'S GOIN ONCE SO AS I SHE,api,1,3.0,3.0,5.0,5.0,7.0,5.0,3.0,3.0
TEST_0015,external,U0_unmasked_normalized_asr,P4_unmasked_form_integrity,a85cbe64e7db4ddecc6116d0e868bdc575e652ebdda5fca7d7e71bd930ae1efb,ed33b86293e3e586ec707b90865ef197f9abee25dc3d240ae6f9c6845ed3a610,ed33b86293e3e586ec707b90865ef197f9abee25dc3d240ae6f9c6845ed3a610,A CLANGERIN ECASWELL THERE'S A LOTLE BOY ON ON A STOOL HE'S GOING TOALL SHORTLY SNITCHING COOKIES MAMMYSWOSHIN DISHES AND THE SINK IS REN AN OVERTA OSRI DUN'T NOW THERE'S ANYTHING MORE THERE ANOT BUT THAT'S WHAT ISAY I SEE COOKIJOR AN HER THAT SPANICH AND COOKIESB O HE,api,1,5.0,3.0,7.0,5.0,7.0,5.0,3.0,5.0
TEST_0016,external,U0_unmasked_normalized_asr,P4_unmasked_form_integrity,a85cbe64e7db4ddecc6116d0e868bdc575e652ebdda5fca7d7e71bd930ae1efb,871f39c8c7034bf41de748da1486a333e2b9220dd6db89f454991294f72227cc,871f39c8c7034bf41de748da1486a333e2b9220dd6db89f454991294f72227cc,WE DO NOW HOM TO SHOW YOU A PICTURE O IN THEICTURE THERE SOMETHINGS GOING NDER SOME ACTION TAKING PLACE I WANT YOU TTO AS LOOKAT THE PICTURE DONT TELL ME ANYTHING IN ALL THAT YOU SEE GOING ONINTELL MEAN YOU SEE GOING ON IN THE ATRON OH YES QUITE A LOT HE GOODED THEY GITTURN TO GET THE E COOKY JAR DOWN AND HE'S GOING TO FALL DOWN OFF THE WAREOR THE STOL WHATEVER IT IS AND SHE'S TRYING TO GET ITAUT OUT OF HIS HAND SHE'S GOT LITTLE THOHTS ER THARK SON AND HE MOTHERS DRYING THE DISHES IN THE WATERLOPPIN ALL OVER THE FLOOR THEN THERE'S A GARDEN OTSIDELOOKS LIKE AN THERE'S DRAPES AOF ADRATES WILLABE CALNOMENTS BUT OVER THE WINDOWTHEN THERE'S DISHES OVER HERETHEN THIS LOOKS LIKE CABINETS WITH THE WATERS FOIS OVER IT SOMEBODY'S GOING TO PAUL DOWN OTHAT LADDER THAT'S A STOLL WHEEVER IT IS THEN THE LITTLEIRL HIS WELL SHOES AN SOFTSONHENBER,api,1,3.0,3.0,7.0,5.0,9.0,3.0,3.0,3.0
TEST_0017,external,U0_unmasked_normalized_asr,P4_unmasked_form_integrity,a85cbe64e7db4ddecc6116d0e868bdc575e652ebdda5fca7d7e71bd930ae1efb,df3c2967dcc3e97441748778aa10e667633c33db5ceda83eed62eacdfb6a2fc9,df3c2967dcc3e97441748778aa10e667633c33db5ceda83eed62eacdfb6a2fc9,EVERYTHING YOU SEE HAPPENING IN THAT PICTURE EVERYTHING IS GOING ON IN THAT PICTURE ISEE THEM A BOY STRETCHING OUT FOR AN WEN IT'S BOLL A BOON ER CAKE AND ELOOKED HE WAS STANDING ON A STOOL THIS LITTLE SISTER WAS REACHING OUT HER HAND AND THE LAAR WAS BEGINNING TO GO OVER MOTHER WASSETTED DISHWARR SIRE AND SHE LEFT THIS VASIV,api,1,5.0,5.0,7.0,7.0,9.0,5.0,3.0,5.0
TEST_0018,external,U0_unmasked_normalized_asr,P4_unmasked_form_integrity,a85cbe64e7db4ddecc6116d0e868bdc575e652ebdda5fca7d7e71bd930ae1efb,3c6a91e6a4146e3c83714b5318a7d98b41005b36f7479fe59e9ff7e51adc1029,3c6a91e6a4146e3c83714b5318a7d98b41005b36f7479fe59e9ff7e51adc1029,YOU A ATIBLE THAND TELL ME EVERYTHING THAT YOU SEE HAPPENING TE THEIR FICTURE EVERYTHING THAT 'S GOING ON WOLITLE GIRLS REACHING FOR A COOKIE AND THE BOY IS ON A STOOL WHICH IS FALLING OVER TO GET IN THE COOKIJAR UPON THE SECOND SHELF OF THE CUPBOARD WHEN THE DOOR OPENED THE FOSOTESTRUNNING AND T OVERFLOWING ONTO THE FLOOR BECAUSE THEM WAS OVERFLOWING INTO THETHINK THE WOMAN IS DRYING A PLATE SHE'S ALSO LOOKINGTHE WINDOW WHITHER COUPLE OF BOWS AND A PLAGUE ON ME YOUCOUNTER CURTAINS AT THE WINDOW SAYS A DRYVE WAY OROOKS LIKE A DRIVE WAY OUTSIDE AN YOU CAN SEE ANOTHER WINDOW IN SOME BUSHES ARE THERE IN THE TREE AND I GUESS THAT'S WHAT LOOKS LIKE A PART OF THE GARAGEWEN OF THE GARAG JOUT THERE AN ENOH THE COOKED JAR AS LIT OL THE LITTLE BOY HAS ONE HERANT INCOOKED JAR IN ONE WITH A COOKIE AND IT HANDING BUT TO THE LITTLE GIRL WHO GOT HER HATHE FORTNER JUST IKE GOT HER FINGERED A MOUSE TO TELL HIM TO BE CAREFULY,api,1,5.0,3.0,7.0,5.0,7.0,5.0,3.0,5.0
TEST_0019,external,U0_unmasked_normalized_asr,P4_unmasked_form_integrity,a85cbe64e7db4ddecc6116d0e868bdc575e652ebdda5fca7d7e71bd930ae1efb,e2c849e3b858d0ba43ae3243682861fe307bdbd8b8ae6af3ea56823cecda3e3c,e2c849e3b858d0ba43ae3243682861fe307bdbd8b8ae6af3ea56823cecda3e3c,I WANT YOU TO TELL ME EVERYTHING YOU SEE HAPPENING IN THAT PICTURE EVERYTHING EVERYTHINSEE HAPPENIG HERIN EVERYTHING IS GOING ON ANWHAT'S HAPPENING INWELL AH THIS IS THE BOYINMAY GET THEM COULD EGE OUR NONS FOR SISTER IWANN ASANVAGEAH YOU DINTE FALL OFT THE LAD OFF YEOH THE STOOL OF EVERE SET MOTHER'S OVERHERE SHE DID DROP HIM WATER OR WHATEVER ON FOR ANDCH THE MANAND NO WATER NO RUMAND IT LOOKS LIKE THE THE GIRLS LAUGHING AT BOYNICLASEEGED IT TOLD HIM ALL OVERBANYAR E WATER ON THE FLOOR THEREE TO CUTS YO WANTREA RE,api,1,3.0,3.0,5.0,3.0,7.0,5.0,3.0,3.0
TEST_0020,external,U0_unmasked_normalized_asr,P4_unmasked_form_integrity,a85cbe64e7db4ddecc6116d0e868bdc575e652ebdda5fca7d7e71bd930ae1efb,c4cf9a4c27070ceae0fb65ef8923fc7c9822e46de560279094218eb87bf8ecdd,c4cf9a4c27070ceae0fb65ef8923fc7c9822e46de560279094218eb87bf8ecdd,E THAT'S URE A WAILHERE'S A COOKAG YOU ARE THEREWITH THE LID OFF AND THE KID WAS UP GETTIN CORKYSEGEAPSETTHERE'S A WATER SPIGGET HEREGOOD AHEIS BUTLET ME HAVE YOU LOOK AT THIS AGAIN AND I WANT YOU TO TELL ME EVERYTHING YOUE GOING ON RIGHT HERE WHAT DO YOU SEE GOING ON THER KID'S GETTING CORPIESSEE GOOD HAND FORM IS THE ANYTHING ELSE WHAT ELSE IS GOING ONATO WELL ETHISS I CARTED UP HEREIHERE SOMEBODY AITE AN LIF TE DEESH SET TISONE'S DRY AND NADACIOUS WHAT ELSE DESEA GOING ON HERETHIS LADIES DRY AND DAES YOU SEE ANYTHING ELSE'S GONE ON THAT'S HE CROOKED JARAN A LITTLE BOYS ON THE LADDER TRYIN TO GIVE COOKIES ENE SISALI WHBUT HEY W YOU TAKE THEM AWAY,api,1,5.0,3.0,7.0,5.0,7.0,5.0,3.0,5.0
TEST_0021,external,U0_unmasked_normalized_asr,P4_unmasked_form_integrity,a85cbe64e7db4ddecc6116d0e868bdc575e652ebdda5fca7d7e71bd930ae1efb,5c9d1832810d794286f70a1291135d0664b0e99b6c109e63fbd8ef9b17a36cd3,5c9d1832810d794286f70a1291135d0664b0e99b6c109e63fbd8ef9b17a36cd3,ASHMANT TAY HE WORK AT THIS FICHER ON OBE EVERYTHING YAF YOU SEE HALF A WOMAN TATKITTHEN EVERYTHING TIT YOU SLEE BELY ON ANTHE SANKIS RUNNING OVER AN TELAISWATTER DRYING THE DISHES AN THE BOICE CRAWLED UP ON THEAN IT'S FOTFALLING AN HE'S GOING TO FALL DOWN ANANHE'S HANDING A COOKE CE LITTLE GIRLCSTAPIHAMBEG DOORS AT IT OPEN NE VISON AFTERIN THE COOKING JAR AFTER THE COOKIESNA UM WHO HA FARSAY TIS,api,1,3.0,3.0,7.0,5.0,7.0,3.0,3.0,3.0
TEST_0022,external,U0_unmasked_normalized_asr,P4_unmasked_form_integrity,a85cbe64e7db4ddecc6116d0e868bdc575e652ebdda5fca7d7e71bd930ae1efb,20a79a51c861065e06a51b7f2acbe38a9120f7156558d029eecd67c1d14b76fd,20a79a51c861065e06a51b7f2acbe38a9120f7156558d029eecd67c1d14b76fd,KA NHERE'S THE PICTURE HOUNDSGIRL AND BOY A STOOLINT AR OATHCAN PLAUSEDITGET CURTON WHAT'S GOING ON IN THE PICTURE WIL CONE OF ACTIONIS THERE ALTHOUGWONT WAYS REACH YOU O THE ISENTOL ALLING OVERIS LAAGIN I THANK WE FARYI UKOVKI MATTERSDRYING DISHES THE WATER IS FILLING OVERITS TO T K HAHE CA THAU IER LATEI SEE THEE MOV NATIO TREELS OF SHRAFTSBA SHE'S WIPINGTTOW ANYMORETHAT'S FINE,api,1,3.0,3.0,9.0,5.0,7.0,7.0,3.0,5.0
TEST_0023,external,U0_unmasked_normalized_asr,P4_unmasked_form_integrity,a85cbe64e7db4ddecc6116d0e868bdc575e652ebdda5fca7d7e71bd930ae1efb,141a3b2c2d40782c67e3bf08a404a3dbbd12116684d64a9fe4484ff9303eb08c,141a3b2c2d40782c67e3bf08a404a3dbbd12116684d64a9fe4484ff9303eb08c,NOW THE BOYL ON THEIR CHAIR IS A FALLEM REACHIN UP FOR COOKIE AND IN ONE OF THE GIRL THE LADY ISA WIPING ITDISH WATHERD RUNNIN ON THE FLOOR SHE STANDIN IN UTTREES OUTSIDE ALONGSHRUGLY A WINDOW OUTSIDE THAT I CAN SEETHAT'S O OTER NEER HINE,api,1,5.0,3.0,9.0,7.0,9.0,5.0,3.0,5.0
TEST_0024,external,U0_unmasked_normalized_asr,P4_unmasked_form_integrity,a85cbe64e7db4ddecc6116d0e868bdc575e652ebdda5fca7d7e71bd930ae1efb,08f05381e199b8836b7ceb4a1621324e7047d5eb65a266475ae94267d5454e87,08f05381e199b8836b7ceb4a1621324e7047d5eb65a266475ae94267d5454e87,KIDS ARE IN THE COKIES AND STOOLS FALLING THOUGHERE THE MOTHERS STELLING THE WATER AND ALSO DRIN THE DISHS AND THE WIND MIGHT BE GLOING THE CURTAINSTHE WATERS RUNINGI CAN'T TELL US ANY GOLD ON OUTSIDE YOUR NOT I GUESS AI FITMONSEA THAT'S NOT VERY REANYN HO OHO,api,1,3.0,3.0,9.0,5.0,7.0,3.0,1.0,3.0
TEST_0025,external,U0_unmasked_normalized_asr,P4_unmasked_form_integrity,a85cbe64e7db4ddecc6116d0e868bdc575e652ebdda5fca7d7e71bd930ae1efb,f90738a2514d1538243aaa938f6321c2a67f4e96d9aad5ea6e8c8faeec30a5cc,f90738a2514d1538243aaa938f6321c2a67f4e96d9aad5ea6e8c8faeec30a5cc,I WANSH TO TELL ME ALL OF THE ACTION YOU SEE GOING ON IN A PICTUREEYOU ES TWO CHILDREN ERNOY MIS ON A STOOL GETTING TO THE CROOKY JARR AND STUIS TILTING OVER HE RIE BALL THISMOTHER N THE MEANTIME IS WIPING DISHESLOOKING OUT BUT HIS OFFERS THROUGH THE KITCHEN WINDOW SHE NAS THE WATER ON WAS SINKIN THE SINK IS OVERFLOWING ITHERE ARE TWO CUPS IN ONE PLAY SITTING ON E SINKTHE LITTLE GIRL ELAUGHING AT THE LITTLE BOY NUD SKETTING IN THE CIPY JAR HANDSALTIER I E IAE,api,1,5.0,5.0,7.0,5.0,7.0,5.0,3.0,5.0
TEST_0026,external,U0_unmasked_normalized_asr,P4_unmasked_form_integrity,a85cbe64e7db4ddecc6116d0e868bdc575e652ebdda5fca7d7e71bd930ae1efb,7a76112b37bb390704c562f6d35bd8a0a550cc9faca2514b425933f4fb4d2b7e,7a76112b37bb390704c562f6d35bd8a0a550cc9faca2514b425933f4fb4d2b7e,PICTURE AND TELL ME EVERYTHING THAT YOU SEE HAPPENINGHERE EVERYTHING THAT YOU SEE GOING ONAONIN THE MN OTEL KID STANDIN ON A TILDED STOOLYEN COKESAN WHA ES YONATHER SINKISWHAT PEOTHE GIRL HAS TWO DIFFERENT SUES ONBI WI AN WT I AN MUMTHE STORE IS CILTEDNO WD UTTER ATOBE CANCESUR I OAT TAT A OTHE COOK AN YOUR IS NOT A JY IT'S AIT'S IT'S AACAN'T CIN KAN THINK TIN BUSHOLETTERAY,api,1,1.0,1.0,9.0,1.0,9.0,1.0,1.0,1.0
TEST_0027,external,U0_unmasked_normalized_asr,P4_unmasked_form_integrity,a85cbe64e7db4ddecc6116d0e868bdc575e652ebdda5fca7d7e71bd930ae1efb,c4ad17331948528aec37c7710ac07cac88242abcd72954d22c069790bdb40273,c4ad17331948528aec37c7710ac07cac88242abcd72954d22c069790bdb40273,IT THAT PICTURE N AND TELL ME EVERYTHING THAT YOU SE GOING ON IN THAT PICTURE EVERYTHING THAT'S HAPPENED O WO RATA IOTER HARTLY YES THER YOR WATTERS GONEOVER WATET A WICKLOWING AND THETHE LO BOY AS SLIPPIN AFF THE STOOL WHILE HE'S TRYN STILL SOME CGEESE AND THE LITTLE GIRL IS LAUGHING AVIN AN SHE'S NOT HAPPY AN BRETIN TERON THELADES GROWN THE GISHES WENOOKING OUT TO WIN THEN BEAUTIFUL ARTON MUST BE JUI DON'T KNOW BUT AT ANY HAT LOOKS LIKE IT'S NOT WINTER PAMEAN THAT'S ABOUT ALE A I CAN FEEHT'S WHY I TI LAR,api,1,3.0,3.0,9.0,5.0,7.0,5.0,3.0,3.0
TEST_0028,external,U0_unmasked_normalized_asr,P4_unmasked_form_integrity,a85cbe64e7db4ddecc6116d0e868bdc575e652ebdda5fca7d7e71bd930ae1efb,f1b47be72975f3d3e8955c6450d71e8c3ae0cd08743a97d174f1c888433533c9,f1b47be72975f3d3e8955c6450d71e8c3ae0cd08743a97d174f1c888433533c9,I WANT YOU TO TELL ME EVERYTHING THAT YOU HAPPENING IN THAT PICTURE EVERYTHING WAS GOING ONWELL THE BOY'S TRYING TO GET IN HE COOKED JAR ANND THE STROL OVER TERNS ANDTHE LITTLE GIRLS EXPECTING TO HAND HER OR COOKIEAH THE MOTHERS SHAK IS RUNNING OVER AND SHE STANDING IN SOME OF THE WATERRIN E SHE DRYING A DISHER WIPING A GISH IN TEYO SHET EVERYTHING IS HAPPENINGTERY BRINWHILE THE WATER STROW RUNNING IN THE SHINK AEADIS EACH OVERFLOWING AND SHEW STANDING IN THE WATER ANETHIGISHOF SOMEBODY LAYIN IN THE LAWN AR GER BUT I GET DEFITITN,api,1,5.0,3.0,9.0,5.0,7.0,5.0,3.0,5.0
TEST_0029,external,U0_unmasked_normalized_asr,P4_unmasked_form_integrity,a85cbe64e7db4ddecc6116d0e868bdc575e652ebdda5fca7d7e71bd930ae1efb,c982d54c26020013a214edaf8c6e5d3b260342e21e2b4c12ac6bde3e05bc23a6,c982d54c26020013a214edaf8c6e5d3b260342e21e2b4c12ac6bde3e05bc23a6,ANG ON IN THE OTHEROL THE POOR MOTHERS AT THE ON DISHESTHERE'S A BOY ON LAR ANA STORYCROOKIE DOHN ANTHE GIRL DOWN BELOW THALL YOU WANTED TO KNOW TELL ME EVERYTHING THAT YOU SEE GOING ON IN THE PICTURE ACATTHERE'S A COOKIE JAR LITTLE BOYS STANDING ON A STOOL AND HE'S READY TO GOOVER THE LITTLE GIRL STANDING THERE THE MOTHER STATAT THE SAMT DON DISHESHE WATERS OVERFLOWINGANYTHING ELSE ASKED THE LADDIARHO,api,1,7.0,5.0,9.0,7.0,9.0,7.0,5.0,7.0
TEST_0030,external,U0_unmasked_normalized_asr,P4_unmasked_form_integrity,a85cbe64e7db4ddecc6116d0e868bdc575e652ebdda5fca7d7e71bd930ae1efb,6a09b20ede2bbd47ff7466cf26b7264c62f0648ac123d9dddaf7528a0fd13a46,6a09b20ede2bbd47ff7466cf26b7264c62f0648ac123d9dddaf7528a0fd13a46,OS TELL ME ALL THE ACTION BE THAT WHAT IS YOU ANOTOR E FALEN TOMELIFTS YOU JUST RITTEN ET HIS ANTIMY HEREOUROARING ON A STREAM MUNS MAD AT THEM BECAUSE THEY WROTE LUMITHANBAN GIVE M QUICKAJUL FOR LONDONLEAT IS DEATH BTWO MORBER E MONKEY DOES DRINKIDORES WATER RUN I DON'T KNOW WHAT THOU WATCHIN SIVOVERFLOWIN GAD CALLED AND SAID HE WOULD RHOMERHE ASS EF E DAY I IN HURTIN TO RAWIN LON ELL EO WE WILL PAINT JOHN'S WAGON GREENTIGAN E,api,1,3.0,3.0,9.0,5.0,9.0,3.0,3.0,3.0
TEST_0031,external,U0_unmasked_normalized_asr,P4_unmasked_form_integrity,a85cbe64e7db4ddecc6116d0e868bdc575e652ebdda5fca7d7e71bd930ae1efb,f29e9d7413b8846833580fb3202adfd37aa0dc92a3077220241ab8167d59edba,f29e9d7413b8846833580fb3202adfd37aa0dc92a3077220241ab8167d59edba,EVERYTHING THAT YOU SEE HAPPENING IN THAT PICTURE EVERY ONE IS GOING ON THEREAND THE BOY AND THE GIRL ARE PLAG AND HE'D GUIN TO FALLD ON OFF THE LATTERAND THE MOTHER WORCHING THE DISHES IN THEDRYING OUT OVER THE SHANK DOWN OF THE FLOOROR ELSEPEPLE MITARIA THAT'S NOT WHATEVEROU SEE HOWPANY SIDE IT TEACO NAN,api,1,3.0,3.0,9.0,3.0,9.0,5.0,3.0,3.0
TEST_0032,external,U0_unmasked_normalized_asr,P4_unmasked_form_integrity,a85cbe64e7db4ddecc6116d0e868bdc575e652ebdda5fca7d7e71bd930ae1efb,220fd4adc7f1810fcdde4b4244f42de3f42ee0d26226c927e77b80370f0b53ee,220fd4adc7f1810fcdde4b4244f42de3f42ee0d26226c927e77b80370f0b53ee,A'N LIKE FR YOU TO LOOK AT THIS PICTURE AND TELL MEWHANT YOU SEE GOING ON THERE WHAT'S HAPPENING IN THAT PICTURETHAT BAKING NOW WHATIRLS STOPPING ON MAKING E MISSER APLACE OH Y NOT PUTIN PRINA NOMIGNETDO YOU SEE ANY FEELS HAPPENING THERE YES THERE'S A FEWCIDENTS THE LITTLE BOY IS THI STANDING ON ITSHRE WHICH YOU CROUKED THE LADY HAS WATER RUNNING OUT OF HERTHINK ANDHAW IN HER HAP WIT YOS STANGEROUSCOOKIES THE ARE COMING DON THE COOKA ER IS COMIN DOWNAND THE PLACE IS VERY PRETTY LONGGOOD,api,1,5.0,5.0,7.0,7.0,7.0,5.0,3.0,5.0
TEST_0033,external,U0_unmasked_normalized_asr,P4_unmasked_form_integrity,a85cbe64e7db4ddecc6116d0e868bdc575e652ebdda5fca7d7e71bd930ae1efb,0ddcca6b03d93fbc0730ea83f2ca65e495b1a1a96e7aa9bef277b3016d388663,0ddcca6b03d93fbc0730ea83f2ca65e495b1a1a96e7aa9bef277b3016d388663,A LITTLE BOY FA GIIN IN A COOKY JAR YIS MUM SAYS MAM IS WORSHIN THE DISHES DRYIE OH SOMEBODY LET THE WATER RUN OVER AN THEITTLE BOY IS GOING TO GET KILLED IF HE LET'S E CLOP OFF HEREAND THEN THERE'S A LITTLE GIRLTAKE THE COOKI JAR R HOLE,api,1,5.0,5.0,9.0,7.0,9.0,5.0,3.0,5.0
TEST_0034,external,U0_unmasked_normalized_asr,P4_unmasked_form_integrity,a85cbe64e7db4ddecc6116d0e868bdc575e652ebdda5fca7d7e71bd930ae1efb,52d651efaa15a40ad9c5c6e5571bb553e748fdb1b7de8ee0dd82fbfc1fa5877d,52d651efaa15a40ad9c5c6e5571bb553e748fdb1b7de8ee0dd82fbfc1fa5877d,WISHWIL YEU JUST TELL YOU M DEAR REVERYNNOW AT YOU MEAN BY EVERYTHING GOAR NO MA KID NITCH ON A COOKIESHEH TE WO GO ITHINIK YOUS TONE LITLE BOY TO BE QUIET BECAUSE UTHATO TIN UP TO MEANINMALWE'S KIND OF SLAPPY WITH H DISH WATERTHE WELMING YOU HAD A E STINGCONHONPCIOUSLY ACIRCRATETE MON STANDING IN THE WATERE YOR MORE THAN YOU AR ANYTHING HARDLITE IYILLED JUST TA BI READY T LET MO INFALLON ME BACK WE'S HID LOOK BLATA WE ATEL THE SIRKE RATON TEDECURHIN THAT WAS ONE KNOW BY REACHING UP E COULDN'T MAO EUSED WOR ETA COKY NYTHING ELSE TID BROTHERS THOMADY TO HER COSE NO I DISAY THE SINISOVER SWIN DOIN ENBIA NOT HO ANT YOU ARE IN NADA LENMEHIS FALMOT TE LA STOL ESI WITTNINGTO A COOKING JOYG WHICH YOU HADN'T OUGHT TO DO YOUWERE MERY CLEAR AT SOA TE HIMSELFOH BET TET ET THAN DO JUST LIKE WE,api,1,3.0,3.0,7.0,5.0,9.0,5.0,3.0,3.0
TEST_0035,external,U0_unmasked_normalized_asr,P4_unmasked_form_integrity,a85cbe64e7db4ddecc6116d0e868bdc575e652ebdda5fca7d7e71bd930ae1efb,73f9c1b13a4d0ff7a9acec122c04b869fe6311f0babf18a9b63d814a5f085785,73f9c1b13a4d0ff7a9acec122c04b869fe6311f0babf18a9b63d814a5f085785,E ALL THE ATAND LOOK AS HE A GOING TO COOK YOUE I SEEHE AS AMIDDAOV CETED IN THE STANDING NAS THREE LEGETO ROM AND HE'S AGLAD TO DEFARGE MDAT CHILEGESTULEAS ONE COOKING HIS HAND ANDAND DOWN TO A SISTER AND SHE WAS REACHING AFIT AND I THINK SHE'S INDICATING TO DE BORTE TICSTILSE'S MORTE VESSEL HERUS A MINEAY SHE MUTTER AI GUESS SHE'S DERING ADISIOUSWHOIS NOT PAIN ATTENTION BECAUSE SHE SELF LEAVEN THE SAK RUN OVERSIN E MOT OER THE FLOOR SHE MUST NOT BE CONSCIOUS BECAUSE SHE' STANDIN DOESN'T KNOW ITOOH SI THINK SHE MUSTPERTANG SHE POBY LOINET WINDOWS I TAKE TO SECOND WOK IN E SEE BUNECAVERY DICIOUS UNDER ATAI SE LE CABUNGE I NOW WHETHER TAY ALL HEMITES ARM LIT A MOUTH ESSAN LOOKE LIKE THE TWO AR E BOYGO HAVE LOCKED UPON COMEDOAN I SEE OUTSIDE I SEEYO Y FON GET A TREE HOMSTROBERY TOIT IS KEM I ATY,api,1,3.0,3.0,7.0,5.0,9.0,3.0,1.0,3.0
TEST_0036,external,U0_unmasked_normalized_asr,P4_unmasked_form_integrity,a85cbe64e7db4ddecc6116d0e868bdc575e652ebdda5fca7d7e71bd930ae1efb,56b0189688a8260efff7c36b03f34cfdaf3706d6878493826f5391537d1cf446,56b0189688a8260efff7c36b03f34cfdaf3706d6878493826f5391537d1cf446,JUST EVERYTHING THAT BY OT OVERTHE LADYAS WIPING DISHES THE SINK IS OVERFLOWINGTHE ON BOY IN ON GETTINGCOKE F HE'S HANDING ANOTHER ONE TO THE LITTLE GIRL A LITTLE GIRL ASOH SHESURING WHAT IF YOU CALL OUT OH THE BULWIFETE LET ME THOS BE ON AND TMEAND O THE YO E HAPPENING OF BIRTHBEBOVSMEN TIS EMITINGLY HE GONON JUININING IDENTIFYING THING WHAT AV IT THE LADY IAS STANDING IN A HOTTLE UN WATERAND THE FOSSER IS RUNNING AND OHTHE WINDOW IS OPENEHH THERE'S A HOUSE NI THE WORWINDOW THE STAME ON A CURTAIN BIRD AN TER'S A TREEIN THE L YARD BUT ALMOST LOK LIKY THEE TRUMPET IN THE STARTED BROWN AND STARTED PINNER OHTHERES CRO MEAN THE TWO YARNA YOU COPS ON A HOWND OR ONE PLAYTHAT I THE DUO IS BRUGISH H AL HOULOWOSEIS INNECENT IF THE THREE IFS A HI HOT STOOL THAT IPALLA THIRSDY E CUNKERS DOEN'T HAVE HANDLES THATDOLER AND THE MO WAL DO IN THE ONT ON THE LEFT THATAILL HAW A HANDLE AND CARQUICKN AS SOON AN A STOVI HER,api,1,3.0,3.0,9.0,5.0,7.0,5.0,3.0,3.0
TEST_0037,external,U0_unmasked_normalized_asr,P4_unmasked_form_integrity,a85cbe64e7db4ddecc6116d0e868bdc575e652ebdda5fca7d7e71bd930ae1efb,c302b8165b3478669cf1acaf011e10adbe4267192e12c92ee6c8f8ce41a62e1d,c302b8165b3478669cf1acaf011e10adbe4267192e12c92ee6c8f8ce41a62e1d,MANAS TANTIONITION YFOR FALL MOK O TOONLIVE LONG OFF A COOKED JAW GRAE COOK IN A HAND GOUN WEE UP IS HUT ON MOLOIN WALK IN BIT SAID THE GOING ALMONEEEEE EEINI EEA THA BOOTS LEAN WHERE IDEDI SEES LOOKING AT LENDOIF YORE DE FERTIN THE NATTE WAGON FEET AND WEST IAM AS BARGIOF CA I CAL OR ECA,api,1,1.0,1.0,9.0,1.0,9.0,1.0,1.0,1.0
TEST_0038,external,U0_unmasked_normalized_asr,P4_unmasked_form_integrity,a85cbe64e7db4ddecc6116d0e868bdc575e652ebdda5fca7d7e71bd930ae1efb,d07a3aad6993ae0f17185fed3b100ef83c3c3ac5e946013a8ef91ea29897dc91,d07a3aad6993ae0f17185fed3b100ef83c3c3ac5e946013a8ef91ea29897dc91,HERE'S IR OH JOHNNY IS SNICKING COOKI'S OUT A COOKIJAR FORA SISTER'S SUIT MOTHER IS WASHING THE DISHES AND A SINK IS OVERFLOWING WITH THE WATER ON THE FLOOR THE CURTAINS ARE SPREAD ASIDE TO LET THE LIGHT INTHERE'S PLATES AND SAUCERS ON THE TABLE HERE MANLYSHORT THERSHWARF TO SELME EVERYTHING YOU SEE ON ONE PICTURE ARIN NOTHIN DIFFERENTROVERN,api,1,5.0,5.0,9.0,7.0,9.0,5.0,3.0,5.0
TEST_0039,external,U0_unmasked_normalized_asr,P4_unmasked_form_integrity,a85cbe64e7db4ddecc6116d0e868bdc575e652ebdda5fca7d7e71bd930ae1efb,5869bac908b63b1f3395c2ad884cdd4d15081183d1a31c709b11d628d1a395aa,5869bac908b63b1f3395c2ad884cdd4d15081183d1a31c709b11d628d1a395aa,TELL BE EVERYTHING THAT YOU SEE GOING ON IN THAT PICTURE EVERYTHING THAT YOU SEE HAPPENINGWELL THERE'S A MOTHER STANDING THERE AO'RE WASHING THE DISHES IN THE SINKAS AVERE SPELLINGAND I WONDISOPEN AND OUT BESIDE THE WINDOW THERE'S A WALK WICK CURVEWALK WITH THE GARDEN AND YOU CANEE ANOTHER O AH BUILDING THERE LOOKS LIKE A GARAGE OR SOMETHING LIKE CURTAAND GRASS IN THE GARDEN AND THEIR DISHESTWO CUPS AND A SAUCER ON THE SINK AND ME SHES CAN AND FEET WET FROMOVERFLOW OF THE WATER FROM E SAINT SHE SEEMS TOE OBLIVIOUS TO THE FACT THAT THE SINK IS OVERFLOWINGSHE'S ALSO OBLIVIOUS TO THE FACT THAT HER KIDS ARE STEELING COOKIES OUTCOOKIACHAR AND A KID ON THE STOOL WAS GOING TO FALALL OFF TO STOOL HE'S STANDING UP THERE IN THE CUPBOARD TAKIN COOKIES OUT OF THEOOUR HANDED HIM TO I GIRL ABOUT THE SAME AGE THE KIDS ORSOMEWHERE AROUND SEVEN OR EIGHT YEARS OLD OR NINEAND THE MUTTER IS GOIN TO GET SHOCKED WHEN ONE MAYEHEAT TUMBLES AND THE COKI JAR COMES DOWN AND I THINK IT'S ABOUT ALL,api,1,5.0,5.0,7.0,5.0,7.0,5.0,5.0,5.0
TEST_0040,external,U0_unmasked_normalized_asr,P4_unmasked_form_integrity,a85cbe64e7db4ddecc6116d0e868bdc575e652ebdda5fca7d7e71bd930ae1efb,f538091810b7af8f651d4db74b8cc01060cee6edcc10624ae524728ec0accf86,f538091810b7af8f651d4db74b8cc01060cee6edcc10624ae524728ec0accf86,MICHAR PICTURE OW HAS A WITE ACT IN GOING ON WHAT I WANTYED IT IS TO TELL MEALL THAT YOU SEE GOING ON IN THE PICTURE TELL ME WHAT IS GOING ON IN THE PICTUREAND THERE'S THE PICTURETO SAY OUT NOW WHAT YOU SEE GOING ON IN THE FIXTURE ON C THE BOYS WON'TOVE COKY JAR IN A MOTHER'S WASH ON THE DISHESANYTHING ELSE WHER ESE IS GOING ONEMOCATION YE ALL E TE WATERIN THE SAINTANOH WIT MORE ANYTHINGLET'S GO LI TO PICTURE AUWEL THIS LITTLE GIRL ANT THE COQEANYTHING ELSE WHAT ELSE IS GOING ONEVER HERE OH HE'S FALL OFF TE CHAIRA H ID IN WELLOFT ATLUNCH WHAT ELSE HAS GONE ON OVER HERE NOTHE WATERS GETTIN OVERTHE SAINT THERE AND YES HIS WIFE ANDERE DISH THEREAN SHE IS LOOKING OUT THE WINDOWLET THE SAIL,api,1,3.0,3.0,5.0,3.0,7.0,3.0,1.0,3.0
TEST_0041,external,U0_unmasked_normalized_asr,P4_unmasked_form_integrity,a85cbe64e7db4ddecc6116d0e868bdc575e652ebdda5fca7d7e71bd930ae1efb,3c86fb9d7ff1a7a5c5bbd3494a1eda035502c63cd4779d68ab28afe51b55e34e,3c86fb9d7ff1a7a5c5bbd3494a1eda035502c63cd4779d68ab28afe51b55e34e,TELL ME EVERYTHING THAT YOU SEE GOING ON WELL YOUNGSTER GOT UP ON A STOOL AND HESINE TO GET INTO E COKI JARAND THE LTLE GIRL IS READY WAITING FOR THE COKI SO SHE'S STANDING THERE WITH HER HAND ACT OH MY AND MOTHER IS VERY BUSY ALAYS SHE FORGOT TO LOOK AT THISTHICKETS THERE'S STILL OPEN AND THE WATER IS POURING FROM THE SINK AND SHE'S LOOKING AT ITICKETS WHAT I I'M GOING TO DO NOW AND THERE ARE SOME DISHES ON IT ON THE POWNDER TAPAN YOU CAN SEE OUT INTO THE YARE THE CURTAINS ARE NICE THIS LITTLE BOY ISON TILTHA THAT LITTLE STOOLL IS GOING TO FALL SHE HAS A DISH IN HERAND THAT SHE'S DRYING AND SHE LOOKS A LITTLE PERFLEXED UM WHET AM I GOINTO WITH ALL THIS WATER ON THE FLOORAND I YOU CAN SEE THERE IS ANOTHER HISE NEXT DOOR EVIDENTLY LOOKS LIKE A HUSAN A TRAE BACK TIN BEYOND THEE HAVS,api,1,7.0,5.0,9.0,7.0,7.0,7.0,5.0,7.0
TEST_0042,external,U0_unmasked_normalized_asr,P4_unmasked_form_integrity,a85cbe64e7db4ddecc6116d0e868bdc575e652ebdda5fca7d7e71bd930ae1efb,bba9d281114155d481ff2ea7a4e8b120cdc4c77003ae974c5b347fbbaf717d7f,bba9d281114155d481ff2ea7a4e8b120cdc4c77003ae974c5b347fbbaf717d7f,ALL RIGHT TELL ME WHAT YOU SEE GOING ON IN THAT PICTURE AND SHE THE LITTLE BOYSTEALING COOKIES FROM THE COOKIE JAR E AND THE LITTLE GIRLS AT HE GAVE STE THE LITTLE GIRL IN JHESIES FROM THE RUTS AND I GUESS THIS IS MAMMAD SHE'S WASHING THE DISHES AND SHE DROPPED A DISH NO NO SHE DIDN'T GROSHER THE WATER THAT SHEIS WASHING THE DISHES WHEN SHE LET RUNAND IT'S OVERFLOWN O OVEFONT AO COURSE IT THENN'T THAT DOESN'T SAMRATE IT NODE HE HE WE FORGOT TO TURN OFF OSPAGGOTT AND SO THE WATERS MINOFINTO ON TO THE FLOOR HERE AND MAMMAAM IS WASHING THE DISHES AND HERE'S HIS LITTLE BOY STEALING THE COOKIEHUKITI GON HE'S GOT A FAW TO CLASIS AND TEHUKI TIRVER EARTHR OF THEMA BENCH THESE FOR LEGGAGE SLEW IP WHATEVER IT ISAN FALL OVER IM AND THE COOKI JARTHE MARMERS DRANG THE DISHES DUNIALMAMMERS TEEM HAVE A HUSBAND DRIES IMWATCHES OF WHATEVER AHETS SEE NOW I GAS THERE'S MORE THINGS I SPOSE TO SEE WILL YOU TELL ME WHEN YOUE FINISHED SEEEGER O E AND THE WATERS E FLYING OUT OF THE THE SINT THI'VE GOT TO TURN OFF WHOEVER'S DOING ISHWUSHING BOOUT ANTONER CHIEF GOT THE TURN OF WATER THE WATERSSPITTING OUT OVER THE ONTO THE FLOOR ONTO THE KITCHEN FLOR ANDTHE LITTLE GIRRALIST PUSHED OVER THEM CHEERMTOY THE AHE WASREACHING OUT TO GET THE COOKIE SAI EITHER EA SHEE PUSH IT OVERWHISTER YOU KNOWDEEXCUSE ME BUT YOU KNOW I I WAS CO,api,1,5.0,3.0,7.0,5.0,3.0,5.0,3.0,3.0
TEST_0043,external,U0_unmasked_normalized_asr,P4_unmasked_form_integrity,a85cbe64e7db4ddecc6116d0e868bdc575e652ebdda5fca7d7e71bd930ae1efb,fbecc891a21fd79ca49d278c4be4f0110e23010d2d467d35c4a93749ba67538f,fbecc891a21fd79ca49d278c4be4f0110e23010d2d467d35c4a93749ba67538f,ITN OT OF SUR VERY CLAR ASALLY TELLS ME EVERYTHING THAT JUS LIKE ALKININ IEVER YO WADS GON ON THE RECK AS YOU IN THE HOLP AND AIT THEY HAIN'T BEEN ON SUMMER TIMEAND MOTHER AND THE CHILDREN WERE WORKING IN THE KITCHEN THE WINDOW WAS OPENAND AWOST A SLIGHT BREEZE A LOWING YM ORON MOTHER WAS DAY DREAMING AND FORGOT AND LEFT THE WATERND THE SANK RUNNING AND IT WAS OVERFLOWINGUM I A LADYY A IT CHILDREN IND THE I UWERE HUNGRY AND BECAUSE I KNEW MOTHERWAS DISCRACTED DOING THE DDISHES THEY DID SOMETHING TEY BUT PROBABLY SHOULD NOT HAVDOWN THEY GOT FROM THE KITCHEN STOOL WOUNDED UNDER THE CUPBOARD WERE THE COOKY JAR WAS AND THE YOUNG BOY CLIMBED AT I GET IN CLEE FELL RETURNEDAN BECAUSE HE DID NOT PLACE HIS WEIGHT CORRECTLY ON THE STOOLIS A FOCT O FAW I DON ONY REMEMBER ER OUR DOMMELING HURNING SALLARSA HANDS OF EN HE HAD THROWN YOU THE RAKLIN A KITCHEN CORTER AND A SCATTER ROOMON I HAVE NEVER DENBERED IT LOOKS LIKE THE HOUSE IS SET IN HCOUNTRY TE AN EVEN WHEN IS OLARGE HOUSE IV EITHER THAT OR YOUR SEEING ANOTHER WELL ORO A WINGO DOS GRASS AR NOWING MY OL EVEN WE O AN LITLE PARONER AS GOOD MOTHER LOOKS PRETTY LAID BAK THER IT,api,1,3.0,3.0,5.0,3.0,5.0,3.0,1.0,1.0
TEST_0044,external,U0_unmasked_normalized_asr,P4_unmasked_form_integrity,a85cbe64e7db4ddecc6116d0e868bdc575e652ebdda5fca7d7e71bd930ae1efb,6c56aaeec739a7789fff6013e00aa35ac0101a1a34e3f33e1f78e518b6466b00,6c56aaeec739a7789fff6013e00aa35ac0101a1a34e3f33e1f78e518b6466b00,HOW MANY CAME ON IN THE FICTHOW THE AC O CMOYS IN THE COOKY JARSAND FALL OFF E STOOLMOTHERHOW YOU RUN M OVERON THE FLOOR KID GONG HEAD ON THE FLOORYO WIT GIRL ADEN SHEISSHE'S REACHING FOR A KOKII PPORRIMOB GELLY GEDRI UH THAT'S ABOUT INNERTE QE,api,1,3.0,3.0,9.0,3.0,5.0,5.0,3.0,3.0
TEST_0045,external,U0_unmasked_normalized_asr,P4_unmasked_form_integrity,a85cbe64e7db4ddecc6116d0e868bdc575e652ebdda5fca7d7e71bd930ae1efb,9616c6895c14e3bbf085a9e1bedc6834128156070bf35ceab94c14a2044e6332,9616c6895c14e3bbf085a9e1bedc6834128156070bf35ceab94c14a2044e6332,AT NIT THERE'S A PICTURE MON ITELLI GET HOMEEVERYTHING ISSY AH THE GIRLS TALGING TO THE BOYSGETTING TA CROOKY JAR DOWN DESA COOPY IN HIS HANDAH HE'S FALLING OFF AT HIS STOLMOTHERS DONAT THIS IS AND THE WATERS RUNNING OFF INTO H SMALL SHE LOOKE NOT THE WINDOW PANT I AH I'LL SEE GRASS SEALONG ON OUTSIDE ASEGE TWO BALLSCALMETS CANAYOU WANT EVERYTHING I TO DE MILL SAYS HE A CANNONOLD DOR HE MM WAS HAPPENING OVER HERE WHEN BEST AID THE WATER WASA YESSERY SET O GAYR ON THAT YOU KNOW SOMETIMES THE LIGHT BEIISONA SIGNPLEASA LETY WA SNATING HIS SIDE HERE YE HES ONLY THEMAJ YOU THINK THAT ASLESS OK,api,1,3.0,3.0,7.0,5.0,5.0,3.0,3.0,3.0
TEST_0046,external,U0_unmasked_normalized_asr,P4_unmasked_form_integrity,a85cbe64e7db4ddecc6116d0e868bdc575e652ebdda5fca7d7e71bd930ae1efb,8daebbf42229fc5d24c6cd38ab8be4cb70b07d86be0d64693b457adeacf61bd0,8daebbf42229fc5d24c6cd38ab8be4cb70b07d86be0d64693b457adeacf61bd0,YOU SEE GOING ON IN THE PICTURE WELLTHE LITTLE BOY WENT UP TO GIV SOME COOKIES THE LITTLE GIRLREACHINOUGH TO GIVE A JAR TO THE COOK TO HER BROTHERTHE MOTHER AS WASHING DISHES AN THE EN TE YA THE SAINK IS FULL OF GISH A FULL OF WATER AN THE MOTHER IS TE AA WIPING THE DISHES ANN LET'S SEE WHAT ELSE AN THEBOY IS I ALMOST FALLEN OFF THIT'S LONGIT'S A THING HERE EH WHAT YOU WAT I CALL IS A CHAIRA CHAIR AN A AN TE AN THE WATERS BUT FALLEN OON THE FLOOR BY THE MOTHERIN THE LITTLE GIRLS SAK AT HANINAHANDING HER RAH SOMETHING TO HER BROTHER AND CUT A COKIES IS PROUD OF COOKIE SO HE'S HANDIN HERIS WHATEVER AN HE,api,1,5.0,5.0,7.0,5.0,5.0,5.0,3.0,5.0
TEST_0047,external,U0_unmasked_normalized_asr,P4_unmasked_form_integrity,a85cbe64e7db4ddecc6116d0e868bdc575e652ebdda5fca7d7e71bd930ae1efb,9ae5f501565ed5e99534d2afd8b14e74a9ee327321e68ec6a495823fd461af9e,9ae5f501565ed5e99534d2afd8b14e74a9ee327321e68ec6a495823fd461af9e,SAND YOU SEE GOING ON AT THAT PICTURE WELL I'M SMING A LOT O WATER THAT ISN'T SUPPOSED TO BE WHERE IT IS A FOOL SANKUS AH MORE WATER RUNNING DOWN ALLONG OM WI DE FLOOR I STOOL DAT'S GOIN TOPROJECT SOMEBODY INTO A FALL AND YOULL FARSTO GETTING OUT OF THE COOKY JARO N DISH VOICEADRIANDEGIRL TRYANA SAYSILENCEENTE IT WON'T BECAUTTWO COUNTS AN A PLAYEATE PA THET FELWAR DRY AND THE THE OTHER PLATE IS BEINGDRY A COVERY DOOR THAT'S OPENTHAT'S DOL TOUGH I DON'T KNOW WHAT HE'S GOING TO DO WITH TANTHERE RUEI DON'T KNOW WHAT WHY THE SIXLA AND WHY THEY RE YAMARTYRS LAUGHED ON IT'S GOING TO MAKE A MISSTAGRCISTRAE PLAATER THE DISHES OR WHATEVER IT ISSHE'S S WOR HI ON BE ANNA CLARSE EBERY DOOR IS OPEN ENTED IS HEAD AN OPEN RIDE MAYBE HE WULD A GOT NYSCAIISEN SEVETHE EUSEWELL OTHERWISE IT'S ITSSIR EXCEPT FOR DAYAT YOUR ACCIDENTS YES SIRAT YOUV AD BUT E BOY HASN'T GOTENOUN E HIS FALL YETSAID IT THIS WAYOF VOICE SHOUNE HE,api,1,5.0,3.0,7.0,5.0,7.0,3.0,3.0,5.0
TEST_0048,external,U0_unmasked_normalized_asr,P4_unmasked_form_integrity,a85cbe64e7db4ddecc6116d0e868bdc575e652ebdda5fca7d7e71bd930ae1efb,6eca16b4491b19bed8d7ce30b586de87f7910b83990de9f5790e299a7a4d7057,6eca16b4491b19bed8d7ce30b586de87f7910b83990de9f5790e299a7a4d7057,AND THERE'S THE PICTURE FOR ME ALL THE ABT ALL THE ACTIONACAET A BOY AND A GIRLAND THEIR MUMAND A BUT IF YOURE MINGE ON ONE ER FALLEN FALLEN DON IN GREW NEARERAN THEN THIS YEAR WHEN THE WATER IN SHOULD BE GOIN DOWN IN AIRBUT IT'S GOIN DOWN ON THE SIDE HAR IT'S GOIN ALL THE WAY DOWNYO HEREANY MORE ACTUAL GOING ON THAN THANK YOU AHTEY'RE GETTING SOMETHING TO EAT HERETHI AUL AOULPAY ET I EJ A RAN THEYRE GETTIN SOMETHING TO EAT HERELIVE IS A NICE PLACE FOR THANG BUT THWHAT THEY HAD BUT THEY PUT THAT STUFF AND RUBD IN AIRIT LOKNIT LOOKS NICE OH KATIN IN HERE WHEN THEY HAD SIM STACBEN THROUGH HERE YOU AND A SAT ALL THE ACTI LIKE THASE THINGS INTRIN HERE TOO I METON WAY,api,1,3.0,3.0,5.0,3.0,5.0,3.0,3.0,3.0
TEST_0049,external,U0_unmasked_normalized_asr,P4_unmasked_form_integrity,a85cbe64e7db4ddecc6116d0e868bdc575e652ebdda5fca7d7e71bd930ae1efb,ff056b31f680400221bca016a44aac20fba608f905fda0a0ec17a40c3b2e933f,ff056b31f680400221bca016a44aac20fba608f905fda0a0ec17a40c3b2e933f,I LIKE IT IS ON YOU ALL THE THINGS YOU SEE GOING OL IN IFICTIONURK THE WATERS RUNNING OUT OF A SINK OVERFLOWING THE MOTHERS DUING THE DISHES A THE BOY IS FALLING OFF THE STOOL STILLING THE COOKEAS OUT OF A COOKING JAWR THE YOUNG LADY IS HOLDING YOUR HAND UP READY TO RECEIVEONE OF THE COOKIES AT THERE IS A CUP AND THE SAUCER ON THE YEAA A SINT BORD AND A AS THEA DRAPES ON THE KITCHEN ATH CURTAINS ON THE KITCHENAND E THE CABINETS ALL AROUND THE SINK AND A TOP CABINETS DOORS OPEN ANCOOKING DRARS IN THE CABINET TE BOYS UP BE REACHING FOR IT AND THELIKE HE'S GOING TO FALL OFF IT THE STOOL AND OUTSIDE IS A NICE GARDEN WITHYPATH LEADING AROUND THE HOUSE AND BUSHES AND SHRUBS AND GRASPBOWING AROUND SHE HAS A DISH TOWLER IN HER HAND AN WAT DOING DRYING ONE ONICIHOS AND SHE HAS A A HAIR DEWS WEARING AN APRON AND THE BKET OF WEARING SHOES ANDHESWEARING SHOES AND WATER DRIPPING ON THE FLOOR WHAT ELL YO I KNOW AUN,api,1,5.0,5.0,7.0,5.0,7.0,5.0,3.0,5.0
TEST_0050,external,U0_unmasked_normalized_asr,P4_unmasked_form_integrity,a85cbe64e7db4ddecc6116d0e868bdc575e652ebdda5fca7d7e71bd930ae1efb,0a08d0ba8a56191e84875aa9e825241f39725012cd8eb216005dcce1992e7ae9,0a08d0ba8a56191e84875aa9e825241f39725012cd8eb216005dcce1992e7ae9,EVERYTHING THAT I SEE GOING ONOH KING WELL THE LITTLE BOY ISSTEALING A COOKIE FROM THE COOKE JAR HE'S ALSO HANDYG ACOKIE WITH HIS LEFT HAND TO THE GIRL HE'S ALSOFALLING OFF THE STOOL OR THE STOOL IS TIPPING OVERTHE LITTLE GIRL IS REACHING FURTHER COOKIE AND AT THE SAME TIME SHE'S PICKING HER NOOS FOR SOMETHING NO OE EEDS TO AIT LOOKSMAYBE THE LID IS FALLING FROM THE COOKIE JARM NOT SURETHE LADY IS WIPING A PLATEWHILE THE SINK OVERFLOWSAND SHE'S STANDING IN A PODDLE OF WATERMY GOING TOO FAST WETOE DAYONE AND SHE'S LOOKING OUT THEWINDOWCAMP MAKE OUT ANYTHING IN PARTICULAR GOING ONOUTSINETHE WATER THE FLOSITS TURNED ON OF COURSE WHICH IS CAUSING THE SCINOVERFLOW IN THE WATER IS SPLASHING ON THE FLOORTHAT'S REALLYABOUT ALL I CAN TELL GOING ONSO TO SPEAK E,api,1,7.0,5.0,9.0,7.0,7.0,7.0,5.0,7.0
TEST_0051,external,U0_unmasked_normalized_asr,P4_unmasked_form_integrity,a85cbe64e7db4ddecc6116d0e868bdc575e652ebdda5fca7d7e71bd930ae1efb,78ef1693c8d4888430afb42b5999c7bc19329dde5cb5f3f961deb622ced06f5a,78ef1693c8d4888430afb42b5999c7bc19329dde5cb5f3f961deb622ced06f5a,TELL ME EVERYTHING EASY GOING ON IN THIS PICCURE TELL EVERYTHING HAKONERYOUNG BOY IS AFTER THE COOKING JAR H HAS A COOKIN JAR OPENEDHE'S REACHIM FOR ONE FOR HIMSELF HE'S HANDIN ONE DOWN TO HIS SISTERTHERE A THREE LEGGED STOLE IS COMING DOWN WIITH HIM A THE NICELY DRESS KIDS BEDEBOY NEEDS I SACKS COLD UPTHAT'S ALL I SEE THERE MOTHER I PREHUME ITS MOTHER IS AT THE SANK THE WATERS RUNNING OVER OUT OF THE THINK SHE'S DRYING A DISH SHE'S LOOKING OUT THE WINDOW THERE'RE TWO CUPS ANDA DISH I PRESUME AT'S A DISH THAT HER ALREADY DRIGHT I GUESS AM SITTING ON THE SIDE OF THE SINK AHA ISLY GROANEDIS CURTAINS PULLED BACK THAT'S APPARENTLY SOME WERE OUTSIDE BECAUAS THE WINDOW S OPEN OR IT LOOKS LIKE SHRUBS ARE GROWING IN SEE A WINNO INTHE OTHER PART OF THE HOUSE I FRESUME AT STE LAIRHOUSE AND NO'S A DRY WAY BORDERED WITH GRASS AND ER'S A TREETHERE SOMEWHERE THAT YOU CAN SEE PART OF THE TRUNKEND PART OF THE FOLIAGEAND N I SAY CALETS AROUND TE KITCHEN WI OTHER CABINS AN THAT'S ABOUT ITBOT,api,1,5.0,5.0,7.0,5.0,9.0,7.0,3.0,5.0
TEST_0052,external,U0_unmasked_normalized_asr,P4_unmasked_form_integrity,a85cbe64e7db4ddecc6116d0e868bdc575e652ebdda5fca7d7e71bd930ae1efb,c2c6f905931639d5eeee77cc5bf513b7ff1e13fb5bc44c20618bfcb75357e692,c2c6f905931639d5eeee77cc5bf513b7ff1e13fb5bc44c20618bfcb75357e692,LOT AH THE LITTLE BOYIS REACHING FOR A COOKE HE'S FALLING ATESAME TIME BECAUSE THEY STOOL HAS TIPPED OVER AND HIS LITTLE SISTER IS BRACHING FOR A FEE AND I THINK BEGINNING TO LAUGH BECAUSE HE'S FAALLING THE SINK IS RUNNING OVER AND PING WATER ON THE FLOOR WHILE THE MOLER IS TRYING TO DRY THE DISHESM THE WINDOW IS OPEN AND THE CURTAINS ARE BLOWINGIN THE BREEDE COMING IN FROM MY FAGWATER IS RUNNING IN THE SANCASSUAST OVERFLOWMEI ALSO BELIEVED THAT THE MOTHER IS DAIGRINI HIMPASY AINT WORD BATT SUMETINIS IT TALL ANSAMER HEY,api,1,5.0,3.0,9.0,5.0,7.0,5.0,3.0,5.0
TEST_0053,external,U0_unmasked_normalized_asr,P4_unmasked_form_integrity,a85cbe64e7db4ddecc6116d0e868bdc575e652ebdda5fca7d7e71bd930ae1efb,2f7fb824ede2a9a7ecd28aed43a0e5df68e393deea70b42b06387a42f4ed482e,2f7fb824ede2a9a7ecd28aed43a0e5df68e393deea70b42b06387a42f4ed482e,WATER'S POURING OUT OF THE THINK AND THE WOMAN IS WASHIIN DISHES THE YEAR CHILD IS FOR HONESTOLL FALLING OFF AS HE'S REACHING FOR THE COOKY JAR WITH WAS RIGHTHAND AN A TRYING TO HAND OTHER COOKIES TOO A LITTLE GIRLO WAS REACHING UP WITH HER LEFT HAND TO GET THE COTI AND HER RIGHT HANDLOOKS LIKE SHE'S EYES THEY'RE TRYING TO MAKE A SIGNAL OF SILENCE SO THE MOTHER DOESHER IT MOTHER'S WALK FIGURE IN THE WATER AS IT'S POURING ON THE FLOORAND THE WINDOW WAS OPEN YOU CAN SEE A YARD OUTSIDE WAS AISH AN CUPS ON E SINK AN THE CURTAINS ARE CALLED BACK SO YO CANEAT THE WINDOW THE CUPBOARD DOOR IS OPEN AND DER THEY'REOFFOLLY DRESSED AND THEY HAVE SORT OF ANONDESCRIPT EXPRESSION ON HER FACE THE WOMAN HAS HER MOUTAK TEM A LITTLE ATWEE TWELV AN HAVE A MAR'S OPEN OF ALL O IT YUMDERONGON'S LOTER,api,1,5.0,3.0,7.0,5.0,9.0,3.0,3.0,5.0
TEST_0054,external,U0_unmasked_normalized_asr,P4_unmasked_form_integrity,a85cbe64e7db4ddecc6116d0e868bdc575e652ebdda5fca7d7e71bd930ae1efb,4c62674334c3065ee74693f01308dc0093aa183e7ea108aee35b84857f6b622e,4c62674334c3065ee74693f01308dc0093aa183e7ea108aee35b84857f6b622e,A EPICTURE AY THE LITTLE BORET GIRLS RACING UPTHERE AN SHE'S GOT HER FINGER TO HER LIPS AND BOYS ON THE STOOL STANNULS DOB IT'S GOIN TO FAR PREE SOONE'S REACHING FOR COOKIES AND THE MOTHER HAS HER BACK TO HIM SHE DOESN'T SEE THEM BUT ER SHE HASN'TRATYIN KINCHEN OR HIS SINK IT'S RANNING ALL OVER THE PLACE HER WINDOW IS OPEN AND THERE'S A NICGARDEN IN A GRIJAT PACK SHE'S DRYING SOME DISHES ASINED HER APERIN ONHERS DRESSE SLEEVLESS AS PREE NICE KITCHEN THABA CRATNICE CURTAINS ON EG AND OTHE GIANT COOKED GI LID IS OFFSHERE'S A CUPE O CUPS AND SHER'S A CUPL O PLATES BUT SHE BT ER MA ABOUT TAD FLORLITTLE GIRL HAS SOCKSONE SHOES ON AND HE SHORT DRESS AND LONG HAIR MEETINGONG HAIR AND THE BOY HAS HIS SHORT SON THE SHORT SLEEVE START SOIT MUST BESUMMER THE TREES ARE IN BLOOM OUTSIDE AND THE FLOWERS OUT THEREWHATTHIN EVIDE,api,1,5.0,5.0,9.0,7.0,9.0,5.0,3.0,5.0
TEST_0055,external,U0_unmasked_normalized_asr,P4_unmasked_form_integrity,a85cbe64e7db4ddecc6116d0e868bdc575e652ebdda5fca7d7e71bd930ae1efb,9cd79c3d66360ea899d5f87e5473b02ecb8aebb03b57ef9f198931d66cae9a21,9cd79c3d66360ea899d5f87e5473b02ecb8aebb03b57ef9f198931d66cae9a21,QIT HOW GINSNIXTHE LITTLE GIRL IS SAYING BE QUIET AS WE DON'T WANT MOTHER TO KNOW WHE'RE IN A COOKIE JAR BOYS GETTING HOKIES AN HESKYING TO HAVE AN ACCIDENT BECAUSE THE STOL IS GU TO OA QUITE OFF MOTHER IS IN DREAM WORLD SOMEWHERE BECAUSE SHEIS DRYING DISHES IN A WAER'S COMING OVER THE FLOOR A SHES STAINNING IN THE BATTERY Y ISHAK THTNOTNPETSI I IT SHULDN' BAT THE LINDO NOWIILL NOT HEREELL GO FROM,api,1,3.0,3.0,9.0,3.0,9.0,3.0,1.0,3.0
TEST_0056,external,U0_unmasked_normalized_asr,P4_unmasked_form_integrity,a85cbe64e7db4ddecc6116d0e868bdc575e652ebdda5fca7d7e71bd930ae1efb,885d604421bbc875e6aac172ed22ca80258ed85db41d4889e0f3bbc43443ccd5,885d604421bbc875e6aac172ed22ca80258ed85db41d4889e0f3bbc43443ccd5,TEMARITINS ACTIN PICTURES IN IN A KITCHENTHE FAMILY OF A MOTHER AND ASON AND DAUGHTER AND THE SON IS OF THECOOKIY JAR TE A CUMBER DOORIS OPEN HE'S GETTING COOKIES IN THE JARNHE STANDING ON A STOOL WHICH IS IN THE PROCESS OF TAPPLING OVERER THE LITTLE GIRL'S HOLDING OUT HER HAND FOR COOKING AND SHE'S ALL SOAS HER SINGER TO HER LIPS SHUSHING HIM SO HE DOESN'T MAKE ANY NOISEAH THE MOTHER SEEMED TO BE OBLIVIOUS TO WHAT'S GOING ON SHE STAND ERE WIPINGA DISH AND TA CAT WATERI IS RIING ASINK AS OVERTHRAWING A DOWN ON THE TRAWER AND A SHE STANDING INPUDDLE A I LOOK OUTSIDE ANDAND THE CURTAINS ARE OPEN AND SEE WHAT LOOKS I COULD BE A GRAGE OR IN EXTENTOF THE HOUSE SHRUBBERY PATH TREEAH WHAT THAT CIN TH KITCHEN ON THE COUNTER BESIDE HER ARE EIS ANOTHER PLAAT AND TE CREAM AND SIGART LO SATATHE LITTLE BOYS ARE SHOOSING OK ACE AS JAGGING SHUSILAN IN BLOW OF SACKS AND HIS ISWARINGA SHORTS AND A SHIRT SLEEVE SHIRT WASTISTER'S WEARINGPUT AMOUS TO SOR TE MANY DRESS MANY SKIRT WITH THE SANDALSAND A HE AT HER RUFFLED RUFFLEDCURTAINS AT THE AT THE WINDOW THEYRE DRAWN BACK BY JAWDRAPESAN THE THE CUPBOARDS ALL HAD RECESSED HANDBLES BT ANOTHER OT RECIST TA THE FIRST GLANCE AT RECESS WUTD ATE THEY PROTRUED OUT FROM THE DOOORS AND ALSO CAPURIT NINETEEN SEVENTY TWOIF EVERITAINT YOU AND YOU,api,1,5.0,5.0,7.0,5.0,3.0,5.0,3.0,5.0
TEST_0057,external,U0_unmasked_normalized_asr,P4_unmasked_form_integrity,a85cbe64e7db4ddecc6116d0e868bdc575e652ebdda5fca7d7e71bd930ae1efb,9c9f2651220f8aa5e634d85701173a2d1ec5ea8c9d125f978acef6c3ce289c7e,9c9f2651220f8aa5e634d85701173a2d1ec5ea8c9d125f978acef6c3ce289c7e,BUKDAY THE BOY IS STANDING ON A STULL IT THE TILTNG OVER ESBRIT GREAT THINGS FOR COQE AN A COOKIJAR AND HIS CISTERS STANDING BESIDE HIM BOUGHT HIM RENOW FERTOMOTHE COKE AND THATHE MOTHER IS TANNING AHRIDE NER THEN A WALKING DISHESTHINK THE WATER IS RUNNING INTO THE STATE AND THE STATE IS POTTING OVER I WITH WATERTHAT BUTTE YOU WANT THING REDISERBTON RENNING RUID O CAA RA TA THE WEN THE WORTHE MOTHER IS THARS THE THERE'S E WALK WAY LIE ALOOKED LIKE I GOING OUT TO A BRAGE AND AL THO ON THETHAR ON AS KITCHEN THINK TRIA THER THE LIKE A COCKO E TUKAUT AND TE AND THE PLATEEE THEN I DID SAYTHOUGH IT A FILLING,api,1,3.0,3.0,7.0,5.0,9.0,3.0,3.0,3.0
TEST_0058,external,U0_unmasked_normalized_asr,P4_unmasked_form_integrity,a85cbe64e7db4ddecc6116d0e868bdc575e652ebdda5fca7d7e71bd930ae1efb,59daa8714123af12f57ed34f6edadb26be5c44d46f1b51549c961953b81e5a9e,59daa8714123af12f57ed34f6edadb26be5c44d46f1b51549c961953b81e5a9e,WATER RUNNING OW THE SINKMAGY DRAN PLATE A CHOW GENIS AVEN COOK E JAR SPENDING ON E STOOL THAT DIDN'T KNOLITTLE GIRL REAGING AT PORKIGKY NYE KNOW CAT THOU SIDEJE ALON OU INTO ANOTHER MANSHRAGWAYSINKIPS AND CAT TO TAT SININ LIVES INHABITSAN IDEASMAK GERON GRAUSSEWY HAS OSHORT SLAVE SHERIT YHOR PAENCESAT SIKHESSAS SSSPASSO HALL CAN,api,1,1.0,1.0,9.0,1.0,9.0,1.0,1.0,1.0
TEST_0059,external,U0_unmasked_normalized_asr,P4_unmasked_form_integrity,a85cbe64e7db4ddecc6116d0e868bdc575e652ebdda5fca7d7e71bd930ae1efb,e30e5fc6d9e253e658d70494c9333711b4647d757b4d39a22c2466cbcc2ff000,e30e5fc6d9e253e658d70494c9333711b4647d757b4d39a22c2466cbcc2ff000,LET E SEE GOING ON IN CITCHEN O GATHEKID ON THE BENCH HOE GOT HIS HAND AND THE COOKIE GOANN HES FAWLING OFF INSISTR WONCE ON AH HIS MOTHER IS STANDING IN A PODDLE OF WATER BECAUSE SHE DIDN'TURN OFF THE FORESEIT AND SHE'S TRYING TO DRY A DISH OR A DRYER FEET INSTEAD AAH THE WINDOW WAS OPEN AHAH WATER SINKINS OVERFLOWINGAH IT'S OBVIOUSLY SUMWHERE BECAUSE THE WINDOW AS I SAID WASOPENTISER SUPPOSE THEY LEAVES ON TREESOH ANYTHING ELSE TER ORUSE TO PICK UP IE I YOU JUST KNOW ANYTHINGING O THENTON ON WELL E KINS BON'T FARL OFF THEY'VE BEENY KILLTHE LITTERS OFF THE COOKIE JAER ANDS GOT ONE IN HIS HAND AND HANDING IT TO HER SISTERAND ONE E SNEAKING ANOTHER ON NOT SNEAKINGARE THE WATER STILL RUNNING IN THE SINKAND SPLASHING ON THE FLOORON,api,1,5.0,5.0,7.0,5.0,5.0,7.0,3.0,5.0
TEST_0060,external,U0_unmasked_normalized_asr,P4_unmasked_form_integrity,a85cbe64e7db4ddecc6116d0e868bdc575e652ebdda5fca7d7e71bd930ae1efb,707ad62081e5f44c3363cc1dab14e038f035f54efa242257f507605887f7acc0,707ad62081e5f44c3363cc1dab14e038f035f54efa242257f507605887f7acc0,AH THIS THE BOYS ABOUT TO FALL OFF WITH HE SCHOOL THE MOTHERIS OF WASHING DISHES ON THE WATER SPELLING OVER ON THE AKITCHEN FLOOR THE WIND IS BLINE WITH CURTAINSTHAT THE LITTLE GIRL WAS LAUGHING AT HER BROTHER WHOWAS TAKING A COOKIE OUT OF THE COOKIEJA THETE,api,1,5.0,5.0,9.0,7.0,9.0,5.0,3.0,5.0
TEST_0061,external,U0_unmasked_normalized_asr,P4_unmasked_form_integrity,a85cbe64e7db4ddecc6116d0e868bdc575e652ebdda5fca7d7e71bd930ae1efb,872575bbac2c7e4d30c8be2fdd3fca6755708dcac76ae4b0dbb1b2568e5cb712,872575bbac2c7e4d30c8be2fdd3fca6755708dcac76ae4b0dbb1b2568e5cb712,IEMY SWORDTHERE IS A BOY ON THE STOOL THE STOOLS TIPPY OVER A BOA I HITEN HOT ME OUT F O YARN ALYCOWERT THE VOT E THE GIRL IS SAYING PUTTN HER FINGER TO HERAH I ALSO PUT YOUR HAND OUT FOR COOKYTHE MOTHER IS PORSHING DISHES WATER IS STEALING OVER FROM THE SINK ON TO THELORER AND THE THE WINDOWOPEN THE DRAPES ARE OPENED THERE'S TWO CUTS IN A SAUCER ON THE SAINTAND THEY SHE IS STEPPING ON THE WATERTHE FLOOR SHE IS DRYING THE DISHIS AND SHE IS LOOKING OUTSIDE AT THEWELL THE SHRUBBERYTHE BOY HIS HANDTHE GIRL ACCOOKINGMORE,api,1,3.0,3.0,7.0,5.0,9.0,5.0,3.0,3.0
TEST_0062,external,U0_unmasked_normalized_asr,P4_unmasked_form_integrity,a85cbe64e7db4ddecc6116d0e868bdc575e652ebdda5fca7d7e71bd930ae1efb,75a7719d22e585ba4bdbd055604be3d79d88b0ac1792a6666433a2bec6c8605e,75a7719d22e585ba4bdbd055604be3d79d88b0ac1792a6666433a2bec6c8605e,MAY I SHOW YOUR PICTURE AND IN THE PICTURES AND THINGS GOING ONO WHAT YE DOS JUST LOOK AT THE PICTURE AND DESCRIBE TO ME ANY ACTION YOU SEE TAKING PLACEISIO THE KIDGER SIPEAND SOME COOKIES ER NO THENSTOOL IS UPSETTING AND A KID THE O GIRLS TALEBY QUIET TOTE MOTHER OVER THEWASHING DISHES IN THE SAINTS OR THE FLOWIN AND THA THE WINDOWSUP AND EH I DON'T SEE MUCH MORETHE NAT SHE'S DRYING DISHOS YOU SAY ACTION RED Y BOTHERCO YOU JARLEGE FARL,api,1,5.0,3.0,7.0,5.0,3.0,5.0,3.0,5.0
TEST_0063,external,U0_unmasked_normalized_asr,P4_unmasked_form_integrity,a85cbe64e7db4ddecc6116d0e868bdc575e652ebdda5fca7d7e71bd930ae1efb,e4407970a4b84e137504230f8a2ba69145a49d84c362233c1c182a1755ad8bb8,e4407970a4b84e137504230f8a2ba69145a49d84c362233c1c182a1755ad8bb8,AN LI BE AN TELL ME HOW IN THE ACTION THAT HE SEE GOING ON WIT IBOYS CROWN MOR A STOOL AND CONNAFETE AN TE COKIAND A SANK AT RUN ANOOVER THE MOTHER GRAN AND AGEAND LET A GIRL WAKIN AESAY TE ASAN AII HEEALSWO FOISHF WIT SANC AONAN LOT EVERY CROOK STOL LN SAT ERALITYRUMS OAMAN TEMAINBANIN ANO,api,1,1.0,1.0,9.0,9.0,9.0,1.0,1.0,1.0
TEST_0064,external,U0_unmasked_normalized_asr,P4_unmasked_form_integrity,a85cbe64e7db4ddecc6116d0e868bdc575e652ebdda5fca7d7e71bd930ae1efb,28ad81836b8e5368ac7259405ad4c5c6960f5146c1ad3a1a8107a4a29f8059cc,28ad81836b8e5368ac7259405ad4c5c6960f5146c1ad3a1a8107a4a29f8059cc,OH HERE IS THE PICTURE OUT OF THE ACTION YOU CAN SEE THET ALL THE ACTIONWELL THE LITTLE BOY'S GOT AFAR OFF THE STOOL IS GETTINGA COKI YOU WANTED TE SLORE U NAA OK THE LITTLE GIRL IS ASKING FORCOKY SHE THE MOTHER IS DRINE DISHESAND THE SINK IS OVERFLOWING WITH WATER HEWATER I'LL GO TO THE FLOR YOU SEEIS GOING ON ATTER I HEREAND I CAN'T SEE ANYTHING ELSE AS FAR AS ACCANJEARMORE SO HA HAV I THURRID MAKA,api,1,5.0,3.0,7.0,5.0,5.0,5.0,3.0,5.0
TEST_0065,external,U0_unmasked_normalized_asr,P4_unmasked_form_integrity,a85cbe64e7db4ddecc6116d0e868bdc575e652ebdda5fca7d7e71bd930ae1efb,96071a42093b21aa1afa2774d7b5d7f15f8ccc95aaf60a01482ae3a9bd8febc1,96071a42093b21aa1afa2774d7b5d7f15f8ccc95aaf60a01482ae3a9bd8febc1,WHAT DO YOU SEE GOING ON INOMOTHER DRYING YO FUITEATHE WATER IS RUNNING FOR A RUG OF LUNNING AN STAKEHE TI TAKEN COOKI FROM E COKY JARAND NOTA I CHEER THE GENO THREE CHET ON THE EFFORT AND THE GIRLS RECANCUPPY DISTI HAD FOUND EE GIRL FOR THE BOY IS TAKENOBETE LONGLO TE CANNING AN DUTTHEN AT BE VERYIN COMPLETED I LI FOTEI FEAR AM I HAND AN I EEN IT LOOK ERE AID THE MOTHERS GUYING THE DISI IT THE FATHTHE WATERS RUNNING OVER OLLEACH AND CHE'S NO TAING AN E NEVER MINDS SOIN A GISTITHOT OF THE FRUGER IS GETTING LEG YOURE LEKE TO HET A MAMER A MILE UPIM ON ANBERMEANYTHING ELSE DOT OT OVER HERE WELL THE CHARINS OF THEGOING TO FAF OF LEA THE STOOL O THE HIGH STOOLA STOTING OWHER HE TINAN LAND ON THE FERA PRETTY SON WITH MAGGI CUPOF COOKIES IN HIS HANDN THE COOKY CARGE TILL FILL HE MIGT KITCH THER WEN SAID THE FORHERE ARTHE TO THAT AA TATA IS RUNNING OVER THE WATERS ON THE DRIFPING ON TEFOR ALL OVER THEFOR THE OLA YOHA TEGEN LOK AND LOC ACHARAR TO AN PEEKTO WITH OD OE,api,1,3.0,3.0,5.0,3.0,7.0,3.0,1.0,1.0
TEST_0066,external,U0_unmasked_normalized_asr,P4_unmasked_form_integrity,a85cbe64e7db4ddecc6116d0e868bdc575e652ebdda5fca7d7e71bd930ae1efb,78b458f8a66fcfe1a78fe2e6e9a7e4893ae23c62a46cdf494500200adc6f0bac,78b458f8a66fcfe1a78fe2e6e9a7e4893ae23c62a46cdf494500200adc6f0bac,I PA HERE'S THE PICTURE ROTHEREIS DRYING THE DISHES WITH THE WATER IS YO GOING HAV I WITH SINK ON THE FLOORATE PRE DA AT MUCH FLOWERSTHERE ARE TREE DISHES LA WANCSHE'S STANDING IN THE WIRE DANEROUS LIT JORN IN ARE GETTING INTO THE COOKIE JAR THE BOYS EPT THERE IN THE SSTOLE WHEN THE TOMA PAO NOR A LIANY ANAN FELLOW GIRLY IN IN OE MNES A ACTIN WITH TOHE AL E LITLE GIRLS ANLAT LET LIGHT SHES COME AN NEEDED TO BE QUIERY YO GLADLY WER E THATAEGITSHI SHL IWATERS SFPLASHING ON THE FLOOR RET HEAEC,api,1,3.0,3.0,7.0,5.0,9.0,3.0,1.0,3.0
TEST_0067,external,U0_unmasked_normalized_asr,P4_unmasked_form_integrity,a85cbe64e7db4ddecc6116d0e868bdc575e652ebdda5fca7d7e71bd930ae1efb,29093c163b9943afc58e70fde45fe23ad88cc3feb88fe58454bf1b26f58a624e,29093c163b9943afc58e70fde45fe23ad88cc3feb88fe58454bf1b26f58a624e,ASIS IGO WHYAADICIOUSCHILDREN THE BOYS UP ON SOR STOLLS FALLING IN FARVOICE REACHING EAN TE WOLIN STANJI OR,api,1,1.0,1.0,9.0,1.0,9.0,1.0,1.0,1.0
TEST_0068,external,U0_unmasked_normalized_asr,P4_unmasked_form_integrity,a85cbe64e7db4ddecc6116d0e868bdc575e652ebdda5fca7d7e71bd930ae1efb,66ca3b0b185b975a32ed1af96b5b3dda33777d191bb61b617a36775e09401ef0,66ca3b0b185b975a32ed1af96b5b3dda33777d191bb61b617a36775e09401ef0,HERSAND BOYSINGOKI OUT OF A KOKI JAR IN A HIGH SHELF IN A VERY PRECARIOUS POSITIAN ON A SCOOL LOOKS DANGEROUS AND MOTHERIS WASHING DISHES AND NOT PAIN ATTENTION OF WHAT SHE'S DOING THE ESTHINK IS OVERFLOWING THERE'S A NICE PEACEFUL SIGN OUTSIDEPORTUNATELY IS NOTHING HAPPIN OT THEREE YEN JS DISHES ON WIH COUNTER ANDSAYSAID HO CATCRIED A HOXSACROSS BOIN INTERAINED AMOTHER AA WOMAN GOOD THAT CAME BUT I DIDN'TENSON THAT I SAID THE BOY WAS GETTING A COKIE FOR THE GIRL THE MOTHER WAS MUCHINDISIOUSPA GOOD,api,1,5.0,3.0,7.0,5.0,9.0,5.0,3.0,5.0
TEST_0069,external,U0_unmasked_normalized_asr,P4_unmasked_form_integrity,a85cbe64e7db4ddecc6116d0e868bdc575e652ebdda5fca7d7e71bd930ae1efb,6518de8d1f4c322315305af563e9bf30696194dcc0c3db0e1877c7a3adb02673,6518de8d1f4c322315305af563e9bf30696194dcc0c3db0e1877c7a3adb02673,HEREIS THE PICTURE RYING THAT MORFUDITION TOE WIPINGDITION TO THE WATERS RUNNINGOVER THE SAINT AT KISTEALIN THE COPIESAH HEIS FALLING OVER IN THE STOOL THE WIND IS BLOI NOT ANE WINDOWTHE GIRLS NEAS TEE CHAN BE QUIET TO LFOR ANOTHER COOKY SHEEVS LIKE EVE AND PURGING HI SFEEL OFHAT YO STINBOLSHE'S THINKING NEATLY ALOUT SOMETHING LIK WATCRIS MILLIAL INHE STREET TI AN,api,1,3.0,3.0,9.0,5.0,9.0,5.0,3.0,3.0
TEST_0070,external,U0_unmasked_normalized_asr,P4_unmasked_form_integrity,a85cbe64e7db4ddecc6116d0e868bdc575e652ebdda5fca7d7e71bd930ae1efb,f03fa6ec3a463ee09a129872c316c880224caba5a5e68103a7253c2566a5cc1f,f03fa6ec3a463ee09a129872c316c880224caba5a5e68103a7253c2566a5cc1f,YETHERE IT IS SO I MO IM CS GIVN ME TISANDE JACK TIS NAPI SAANDIGIOUSSINE DEVEN GEY JACKHE GAN ESIGSHINE OE PESENTLY NOVE EBUT HE'S FALLEN OFF THE STOLS STILL HOOKIES KAYVAENA NVOBACCK,api,1,3.0,3.0,9.0,5.0,9.0,5.0,3.0,3.0
TEST_0071,external,U0_unmasked_normalized_asr,P4_unmasked_form_integrity,a85cbe64e7db4ddecc6116d0e868bdc575e652ebdda5fca7d7e71bd930ae1efb,cd38a07a6862fe6c5ceb17e27e2bdaafda006ce1f40b3bf9d4a3723c439ff671,cd38a07a6862fe6c5ceb17e27e2bdaafda006ce1f40b3bf9d4a3723c439ff671,THERE IT ISOR ETURNING E SECRET AN CETERCOME O BELOL HEAD TO HM AT FOR ONE TINGTHERE'SIN A STOOLES RAT O ALLTHER BE STAYING ME HEIS LADY WATCHEN TOI FECS SAKE STOW TE FOL WATER IN ISTOLED ON PALSISTER AWITIOGRESN SHEGIATSAI CI CIKATSI PLATO BE LER HAT SLAIN IONSE GIDERSHEAND FORER,api,1,1.0,1.0,9.0,1.0,9.0,1.0,1.0,1.0
